{"stats":{"minecraft:custom":{"minecraft:jump":7,"minecraft:open_chest":1,"minecraft:time_since_rest":815965,"minecraft:leave_game":32,"minecraft:sprint_one_cm":47,"minecraft:play_time":815965,"minecraft:time_since_death":815965,"minecraft:walk_one_cm":1278,"minecraft:sneak_time":78136,"minecraft:total_world_time":2070821,"minecraft:drop":1,"minecraft:fly_one_cm":2659260},"minecraft:used":{"minecraft:glass":6,"minecraft:light_gray_wool":4,"minecraft:orange_wool":30,"minecraft:lever":10,"minecraft:repeater":7,"minecraft:redstone_lamp":2,"minecraft:comparator":2,"minecraft:redstone":45,"minecraft:light_blue_wool":2,"minecraft:redstone_torch":17},"minecraft:dropped":{"minecraft:redstone":1}},"DataVersion":3700}